<service name="repayment" scope="application"
	targetNamespace="http://localhost:8080/axis2/services/repayment.repaymentHttpSoap11Endpoint/">
	<description>
		Invoice
	</description>
	<messageReceivers>
		<messageReceiver mep="http://www.w3.org/2004/08/wsdl/in-only"
			class="org.apache.axis2.rpc.receivers.RPCInOnlyMessageReceiver" />
		<messageReceiver mep="http://www.w3.org/2004/08/wsdl/in-out"
			class="org.apache.axis2.rpc.receivers.RPCMessageReceiver" />
	</messageReceivers>
	<schema
		schemaNamespace="http://localhost:8080/axis2/services/repayment.repaymentHttpSoap11Endpoint/xsd" />
	<parameter name="ServiceClass">in.co.invoice.action.repayment</parameter>
</service>