<?xml version="1.0" encoding="UTF-8" ?>
<!DOCTYPE struts PUBLIC
    "-//Apache Software Foundation//DTD Struts Configuration 2.0//EN"
    "http://struts.apache.org/dtds/struts-2.0.dtd">

<struts>
	<constant name="struts.multipart.maxSize" value="50000000000" />
	<constant name="struts.enable.DynamicMethodInvocation" value="false" />
	<constant name="struts.devMode" value="false" />
	<constant name="struts.custom.i18n.resources"
		value="in.co.myshare.resources.ApplicationResources, in.co.myshare.resources.RepAppResources,in.co.myshare.resources.NGOAppResources, in.co.myshare.resources.Displaytag" />
	<constant name="struts.ui.theme" value="simple" />

	<package name="default" extends="struts-default,json-default"
		namespace="/">
		<global-results>
			<result name="Exception">/view/common/system_error.jsp</result>
			<result name="redirectPaid">/view/payment/paid.jsp</result>
		</global-results>

		<global-exception-mappings>
			<exception-mapping exception="in.co.invoice.dao.exception.ApplicationException"
				result="Exception" />
		</global-exception-mappings>

		<action name="getCounterParty" class="in.co.invoice.action.InvoiceCustomerAction"
			method="fetchCounterParty">
			<result name="success">/view/invoiceMatching.jsp</result>
		</action>

		<action name="programmeList" class="in.co.invoice.action.InvoiceCustomerAction"
			method="programmeList">
			<result name="success">/view/programmeselection.jsp</result>
		</action>

		<action name="fetchRepaymentMode" class="in.co.invoice.action.InvoiceHomeAction"
			method="fetchRepaymentMode">
			<result type="json">
			</result>
		</action>

		<action name="fetchAppropriationType" class="in.co.invoice.action.InvoiceHomeAction"
			method="fetchAppropriationType">
			<result type="json">
			</result>
		</action>

		<action name="fetchRepayBy" class="in.co.invoice.action.InvoiceHomeAction"
			method="fetchRepayBy">
			<result type="json">
			</result>
		</action>
		<action name="fetchVirtualAccount" class="in.co.invoice.action.InvoiceHomeAction"
			method="fetchVirtualAccount">
			<result type="json">
			</result>
		</action>

		<action name="accountSelection" class="in.co.invoice.action.InvoiceCustomerAction"
			method="accountSelection">
			<result name="success">/view/accountSelection.jsp</result>
		</action>
		<action name="penalAccountSelection" class="in.co.invoice.action.InvoiceCustomerAction"
			method="accountSelection">
			<result name="success">/view/penalAccountSelection.jsp</result>
		</action>
		<action name="refreshscf" class="in.co.invoice.action.InvoiceCustomerAction"
			method="programmeList">
			<result name="success">/view/programmeselection.jsp</result>
		</action>

		<action name="makerlookup" class="in.co.invoice.action.InvoiceCustomerAction"
			method="lookUp">
			<result name="success">/view/invoiceMatching.jsp</result>
		</action>

		<action name="accountUp" class="in.co.invoice.action.InvoiceCustomerAction"
			method="accountUp">
			<result name="success">/view/invoiceMatching.jsp</result>
		</action>
		<action name="penalAccountUp" class="in.co.invoice.action.InvoiceCustomerAction"
			method="accountUp">
			<result name="success">/view/intPenalAdd.jsp</result>
		</action>
		<action name="getDebitParty" class="in.co.invoice.action.InvoiceCustomerAction"
			method="fetchDebitParty">
			<result name="success">/view/invoiceMatching.jsp</result>
		</action>

		<action name="getInvoiceValue" class="in.co.invoice.action.InvoiceCustomerAction"
			method="fetchInvoiceMatching">
			<result name="error">/view/invoiceMatching.jsp</result>
			<result name="success">/view/invoiceMatching.jsp</result>
			<!-- <result name="success" type="redirectAction"> <param name="getInvoiceValueList">getInvoiceValueList</param> 
				</result> -->
		</action>
		<action name="getPenalValue" class="in.co.invoice.action.InvoiceCustomerAction"
			method="getPenalMatchingValue">

			<result name="success">/view/intPenalAdd.jsp</result>
			<!-- <result name="success" type="redirectAction"> <param name="getInvoiceValueList">getInvoiceValueList</param> 
				</result> -->
		</action>

		<action name="confirmPenalData" class="in.co.invoice.action.InvoiceCustomerAction"
			method="getPenalMatchingValue">

			<result name="success">/view/intPenalAdd.jsp</result>
			<!-- <result name="success" type="redirectAction"> <param name="getInvoiceValueList">getInvoiceValueList</param> 
				</result> -->
		</action>

		<action name="fetchInvoiceValueList" class="in.co.invoice.action.InvoiceHomeAction"
			method="fetchInvoiceMatchingValue">
			<result type="json"></result>

		</action>

		<action name="fetchPenalIntValueList" class="in.co.invoice.action.InvoiceHomeAction"
			method="fetchPenalMatchingValue">
			<result type="json"></result>

		</action>


		<!-- <action name="invoiceDetailList" class="in.co.invoice.action.InvoiceCustomerAction" 
			method="invoiceDetailList"> <result type="json"></result> </action> -->

		<action name="invoiceDetailList" class="in.co.invoice.action.InvoiceHomeAction"
			method="invoiceDetailList">
			<result type="json">
			</result>
		</action>
		<action name="checker" class="in.co.invoice.action.InvoiceCustomerAction"
			method="checker">
			<result name="success">/view/checker.jsp</result>
		</action>

		<action name="checkerefresh" class="in.co.invoice.action.InvoiceCustomerAction"
			method="checkerefresh">
			<result name="success">/view/checker.jsp</result>
		</action>

		<action name="confirmRepayment" class="in.co.invoice.action.InvoiceCustomerAction"
			method="confirmRepayment">
			<result name="error">/view/invoiceMatching.jsp</result>
			<result name="maker">/view/makersuccess.jsp</result>
			<result name="success">/view/invoiceMatching.jsp</result>
		</action>

		<action name="confirmFetchData" class="in.co.invoice.action.InvoiceCustomerAction"
			method="confirmFetchData">
			<result name="success">/view/penalSuccess.jsp</result>
			<result name="error">/view/penalError.jsp</result>
		</action>



		<action name="approveRepayment" class="in.co.invoice.action.InvoiceCustomerAction"
			method="approveRepayment">
			<result name="success">/view/checker.jsp</result>
			<result name="threadSuccess">/view/checkersuccess.jsp</result>
		</action>

		<action name="rejectedList" class="in.co.invoice.action.InvoiceCustomerAction"
			method="rejectedList">
			<result name="success">/view/checker.jsp</result>
		</action>

		<action name="rejectedProgramList" class="in.co.invoice.action.InvoiceCustomerAction"
			method="rejectedProgramList">
			<result name="success">/view/checker.jsp</result>
		</action>
		<action name="rejectRepayment" class="in.co.invoice.action.InvoiceCustomerAction"
			method="rejectRepayment">
			<result name="success">/view/checkerfail.jsp</result>
		</action>

		<action name="processRepayment" class="in.co.invoice.action.InvoiceCustomerAction"
			method="processRepayment">
			<result name="error">/view/invoiceMatching.jsp</result>
			<result name="success">/view/invoiceMatching.jsp</result>
		</action>


		<action name="storeInvoiceMatchingData" class="in.co.invoice.action.InvoiceCustomerAction"
			method="storeInvoiceMatchingData">
			<result name="success">/view/invoiceMatching.jsp</result>
		</action>

		<action name="fetchInvoice" class="in.co.invoice.action.InvoiceCustomerAction"
			method="validateInvoiceMatchingData">
			<result name="success">/view/invoiceMatching.jsp</result>
		</action>
		<action name="custListCancelMaker" class="in.co.invoice.action.InvoiceCustomerAction"
			method="custListCancel">
			<result name="success">/view/invoiceMatching.jsp</result>
		</action>
		<action name="accountListCancelMaker" class="in.co.invoice.action.InvoiceCustomerAction"
			method="accountListCancelMaker">
			<result name="success">/view/invoiceMatching.jsp</result>
		</action>

		<action name="home" class="in.co.invoice.action.InvoiceHomeAction"
			method="landingPage">
			<result name="success">/view/invoiceMatching.jsp</result>
		</action>
		<action name="manualRepayment" class="in.co.invoice.action.InvoiceHomeAction"
			method="manualLandingPage">
			<result name="success">/view/invoiceMatching.jsp</result>
		</action>
		<action name="bankpageTC" class="in.co.invoice.action.InvoiceHomeAction"
			method="bankpageTC">
			<result name="success">/view/bankTC.jsp</result>
			<result name="error">/view/fail.jsp</result>
		</action>
		<action name="bankTCName" class="in.co.invoice.action.InvoiceCustomerAction">
			<result name="success">/view/invoiceMatching.jsp</result>
		</action>
		<action name="bankSelection" class="in.co.invoice.action.InvoiceHomeAction"
			method="bankSelection">
			<result name="success">/view/bankTC.jsp</result>
			<result name="error">/view/fail.jsp</result>
		</action>
		<action name="bankpageTCSelection" class="in.co.invoice.action.InvoiceHomeAction"
			method="bankTCSelection">
			<result name="success">/view/bankTC.jsp</result>
			<result name="error">/view/fail.jsp</result>
		</action>
		<action name="bankName" class="in.co.invoice.action.InvoiceCustomerAction">
			<result name="success">/view/invoiceMatching.jsp</result>
		</action>

		<action name="fetchInvoiceDetails" class="in.co.invoice.action.InvoiceCustomerAction"
			method="fetchInvoiceDetails">
			<result name="success">/view/repayment.jsp</result>
		</action>

		<!-- PDF download (Aug 7 2019) starts -->
		<action name="downloadPdf" class="in.co.invoice.action.InvoiceCustomerAction"
			method="downloadPdf">
			<result name="success" type="stream">
				<param name="contentType">"application/pdf"</param>
				<param name="inputName">inputStream</param>
				<param name="contentDisposition">contentDisposition</param>
				<param name="bufferSize">1024</param>
			</result>
		</action>
		<!-- PDF download (Aug 7 2019) ends -->

		<action name="repaySchedule" class="in.co.invoice.action.InvoiceHomeAction"
			method="manualLandingPage">
			<result name="success">/view/repayment.jsp</result>
		</action>
		<action name="intPenalAdd" class="in.co.invoice.action.InvoiceHomeAction"
			method="interestLandingPage">
			<result name="success">/view/intPenalAdd.jsp</result>
		</action>



		<!-- 04Feb -->
		<action name="intPenalCheck" class="in.co.invoice.action.InvoiceHomeAction"
			method="interestLandingPage">
			<result name="success">/view/intPenalCheck.jsp</result>
		</action>
		<action name="penalAccountSelectionCheck" class="in.co.invoice.action.InvoiceCustomerAction"
			method="accountSelection">
			<result name="success">/view/penalAccountSelectionCheck.jsp</result>
		</action>
		<action name="penalAccountUpCheck" class="in.co.invoice.action.InvoiceCustomerAction"
			method="accountUp">
			<result name="success">/view/intPenalCheck.jsp</result>
		</action>
		<action name="getBatchListCheck" class="in.co.invoice.action.InvoiceCustomerAction"
			method="getBatchListCheck">
			<result name="success">/view/intPenalCheck.jsp</result>
		</action>
		<action name="getPenalValueCheck" class="in.co.invoice.action.InvoiceCustomerAction"
			method="getPenalValueCheck">
			<result name="success">/view/intPenalCheck.jsp</result>
		</action>
		<action name="confirmDataChecker" class="in.co.invoice.action.InvoiceCustomerAction"
			method="confirmDataChecker">
			<result name="success">/view/intPenalApproved.jsp</result>
		</action>
		<action name="rejectDataChecker" class="in.co.invoice.action.InvoiceCustomerAction"
			method="rejectDataChecker">
			<result name="success">/view/intPenalRejected.jsp</result>
		</action>
		<action name="viewList" class="in.co.invoice.action.InvoiceCustomerAction"
			method="viewList">
			<result name="success">/view/viewList.jsp</result>
		</action>
		<action name="getBatchListView" class="in.co.invoice.action.InvoiceCustomerAction"
			method="getBatchListView">
			<result name="success">/view/viewList.jsp</result>
		</action>
		<action name="fetchViewList" class="in.co.invoice.action.InvoiceHomeAction"
			method="fetchViewList">
			<result type="json" />
		</action>
		<action name="penalAccountSelectionView" class="in.co.invoice.action.InvoiceCustomerAction"
			method="accountSelection">
			<result name="success">/view/penalAccountSelectionView.jsp</result>
		</action>
		<action name="penalAccountUpView" class="in.co.invoice.action.InvoiceCustomerAction"
			method="accountUp">
			<result name="success">/view/viewList.jsp</result>
		</action>


		<!-- 11Feb -->
		<action name="bulkUploadMaker" class="in.co.invoice.action.InvoiceHomeAction"
			method="interestLandingPage">
			<result name="success">/view/uploadMaker.jsp</result>
		</action>
		<action name="bulkUploadValidate" class="in.co.invoice.action.InvoiceHomeAction"
			method="bulkUploadValidate">
			<interceptor-ref name="defaultStack">
				<param name="fileUpload.maximumSize">1024000</param>
			</interceptor-ref>
			<result name="success">/view/uploadMaker.jsp</result>
		</action>
		<action name="bulkUploadUpdate" class="in.co.invoice.action.InvoiceHomeAction"
			method="bulkUploadUpdate">
			<result name="success">/view/uploadMaker.jsp</result>
		</action>

		<action name="chargeChecker" class="in.co.invoice.action.InvoiceHomeAction"
			method="interestLandingPage">
			<result name="success">/view/uploadChecker.jsp</result>
		</action>
		<action name="getBulkUploadValueCheck" class="in.co.invoice.action.InvoiceCustomerAction"
			method="getBulkUploadValueCheck">
			<result name="success">/view/uploadChecker.jsp</result>
		</action>
		<action name="bulkUploadApprove" class="in.co.invoice.action.InvoiceCustomerAction"
			method="bulkUploadApprove">
			<result name="success">/view/uploadChargeApproved.jsp</result>
		</action>
		<action name="bulkUploadReject" class="in.co.invoice.action.InvoiceCustomerAction"
			method="bulkUploadReject">
			<result name="success">/view/uploadChargeRejected.jsp</result>
		</action>
		<action name="uploadSelectionCheck" class="in.co.invoice.action.InvoiceCustomerAction"
			method="accountSelection">
			<result name="success">/view/uploadSelectionCheck.jsp</result>
		</action>
		<action name="bulkUploadAccountUpCheck" class="in.co.invoice.action.InvoiceCustomerAction"
			method="accountUp">
			<result name="success">/view/uploadChecker.jsp</result>
		</action>
		<action name="getChargesBatchListCheck" class="in.co.invoice.action.InvoiceCustomerAction"
			method="getChargesBatchListCheck">
			<result name="success">/view/uploadChecker.jsp</result>
		</action>

		<action name="chargeViewList" class="in.co.invoice.action.InvoiceCustomerAction"
			method="chargeViewList">
			<result name="success">/view/uploadViewList.jsp</result>
		</action>
		<action name="getBulkUploadBatchListView" class="in.co.invoice.action.InvoiceCustomerAction"
			method="getBulkUploadBatchListView">
			<result name="success">/view/uploadViewList.jsp</result>
		</action>
		<action name="fetchChargesViewList" class="in.co.invoice.action.InvoiceHomeAction"
			method="fetchChargesViewList">
			<result type="json" />
		</action>
		<action name="uploadSelectionView" class="in.co.invoice.action.InvoiceCustomerAction"
			method="accountSelection">
			<result name="success">/view/uploadSelectionView.jsp</result>
		</action>
		<action name="bulkUploadAccountUpView" class="in.co.invoice.action.InvoiceCustomerAction"
			method="accountUp">
			<result name="success">/view/uploadViewList.jsp</result>
		</action>

		<action name="chargeMaker" class="in.co.invoice.action.InvoiceHomeAction"
			method="interestLandingPage">
			<result name="success">/view/chargeMaker.jsp</result>
		</action>
		<action name="chargeAccountSelection" class="in.co.invoice.action.InvoiceCustomerAction"
			method="accountSelection">
			<result name="success">/view/chargeAccountSelection.jsp</result>
		</action>
		<action name="chargeAccountListUp" class="in.co.invoice.action.InvoiceCustomerAction"
			method="accountUp">
			<result name="success">/view/chargeMaker.jsp</result>
		</action>
		<action name="chargeDetailFetch" class="in.co.invoice.action.InvoiceCustomerAction"
			method="chargeDetailFetch">
			<result name="success">/view/chargeMaker.jsp</result>
		</action>
		<action name="confirmChargeData" class="in.co.invoice.action.InvoiceCustomerAction"
			method="confirmChargeData">
			<result name="success">/view/chargeSuccess.jsp</result>
		</action>

	</package>
</struts>