<?xml version="1.0" encoding="UTF-8"?>
<web-app xmlns:xsi="http://www.w3.org/2001/XMLSchema-instance" xmlns="http://java.sun.com/xml/ns/javaee" xmlns:web="http://java.sun.com/xml/ns/javaee/web-app_2_5.xsd" xsi:schemaLocation="http://java.sun.com/xml/ns/javaee http://java.sun.com/xml/ns/javaee/web-app_2_5.xsd" id="WebApp_ID" version="2.5">
  <display-name>Struts2 Application</display-name>
  <listener>
    <listener-class>in.co.invoice.rtnf.schedular.FileUtilityListener</listener-class>
  </listener>
  <welcome-file-list>
    <welcome-file>/view/Welcome.jsp</welcome-file>
  </welcome-file-list>
    <filter>
		<filter-name>CAS Authentication Filter</filter-name>
		<filter-class>org.jasig.cas.client.authentication.AuthenticationFilter</filter-class>
		<init-param>
			<param-name>casServerLoginUrl</param-name>
			<param-value>https://tipluspreprod.idfcbank.com/preprod-global/login</param-value>
		</init-param>
		<init-param>
			<param-name>serverName</param-name>
			<param-value>https://tipluspreprod.idfcbank.com</param-value>
		</init-param>
		<init-param>
			<param-name>renew</param-name>
			<param-value>false</param-value>
		</init-param>
		<init-param>
			<param-name>gateway</param-name>
			<param-value>false</param-value>
		</init-param>
	</filter>
	<filter>
		<filter-name>CAS Validation Filter</filter-name>
		<filter-class>org.jasig.cas.client.validation.Cas20ProxyReceivingTicketValidationFilter</filter-class>
		<init-param>
			<param-name>casServerUrlPrefix</param-name>
			<param-value>https://tipluspreprod.idfcbank.com/preprod-global</param-value>
		</init-param>
		<init-param>
			<param-name>serverName</param-name>
			<param-value>https://tipluspreprod.idfcbank.com</param-value>
		</init-param>
	</filter>
	<filter>
		<filter-name>CAS HttpServletRequest Wrapper
			Filter
		</filter-name>
		<filter-class>org.jasig.cas.client.util.HttpServletRequestWrapperFilter</filter-class>
	</filter>
	<filter>
		<filter-name>CAS Assertion Thread Local Filter</filter-name>
		<filter-class>org.jasig.cas.client.util.AssertionThreadLocalFilter</filter-class>
	</filter>
	<filter-mapping>
		<filter-name>CAS Authentication Filter</filter-name>
		<url-pattern>/*</url-pattern>
	</filter-mapping>
	<filter-mapping>
		<filter-name>CAS
			Validation Filter
		</filter-name>
		<url-pattern>/*</url-pattern>
	</filter-mapping>
	<filter-mapping>
		<filter-name>CAS HttpServletRequest Wrapper Filter</filter-name>
		<url-pattern>/*</url-pattern>
	</filter-mapping>
	<filter-mapping>
		<filter-name>CAS
			Assertion Thread Local Filter
		</filter-name>
		<url-pattern>/*</url-pattern>
	</filter-mapping>  
  <filter>
    <filter-name>struts2</filter-name>
    <filter-class>org.apache.struts2.dispatcher.ng.filter.StrutsPrepareAndExecuteFilter</filter-class>
  </filter>
  <filter-mapping>
    <filter-name>struts2</filter-name>
    <url-pattern>/*</url-pattern>
  </filter-mapping>
</web-app>